large_model,small_model,distortion,severity,variant,accuracy,nll,ece
convnext_base,resnet50,none,0,f_large,0.7889599800109863,1.0471283197402954,7.257143497467041
convnext_base,resnet50,none,0,f_small,0.6978800296783447,1.2878855466842651,15.407562255859375
convnext_base,resnet50,none,0,tent_f_large,0.7725200057029724,1.151442289352417,12.10913372039795
convnext_base,resnet50,none,0,f_large_TS,0.7889599800109863,0.9498666524887085,8.05194091796875
convnext_base,resnet50,none,0,f_small_TS,0.6978800296783447,1.2905077934265137,11.271086692810059
convnext_base,resnet50,none,0,tent_f_large_TS_naive,0.7725200057029724,1.3173285722732544,14.779799461364746
convnext_base,resnet50,none,0,Duo_Joint_TS,0.7881199717521667,0.8685781955718994,10.354110717773438
