large_model,small_model,distortion,severity,variant,accuracy,nll,ece,f1,brier
convnext_base,resnet34,none,0,f_large,0.78896,1.0471282952998207,0.1374130919779092,0.7867645323776962,0.0003227461190330467
convnext_base,resnet34,none,0,f_small,0.6714,1.4033052406369166,0.0447593854854256,0.6679110654911676,0.0004411244931470939
convnext_base,resnet34,none,0,f_large_TS,0.78896,0.9498637960063211,0.04398003934770822,0.7867645323776962,0.00030220877929084945
convnext_base,resnet34,none,0,f_small_TS,0.6714,1.4146254125628246,0.06106465135961771,0.6679110654911676,0.0004465119979986477
convnext_base,resnet34,none,0,f_large_PTS,0.78896,0.8761625313751251,0.03308175008818507,0.7867645323776962,0.0002025340807479053
convnext_base,resnet34,none,0,f_small_PTS,0.6714,1.2332251443560862,0.07202774924881755,0.6679110654911676,0.00032578136618542777
convnext_base,resnet34,none,0,Duo_Joint_TS,0.78976,0.8763989704047618,0.0446682055503875,0.7871930353885616,0.0002998988901874825
convnext_base,resnet34,none,0,Duo_Joint_PTS,0.80498,0.8019986035817278,0.031166834247410298,0.8022729376550908,0.00019125064842212563
