large_model,small_model,distortion,severity,variant,accuracy,nll,ece,f1,brier
wideresnet50_2,resnet34,none,0,f_large,0.69788,1.2878855412648407,0.05040045796573162,0.6944511872229867,0.00041159640831119277
wideresnet50_2,resnet34,none,0,f_small,0.6714,1.4033052406369166,0.0447593854854256,0.6679110654911676,0.0004411244931470939
wideresnet50_2,resnet34,none,0,f_large_TS,0.69788,1.2905191844506754,0.053271877584606414,0.6944511872229867,0.00041497138753821515
wideresnet50_2,resnet34,none,0,f_small_TS,0.6714,1.4146254125628246,0.06106465135961771,0.6679110654911676,0.0004465119979986477
wideresnet50_2,resnet34,none,0,f_large_PTS,0.69788,1.1265925104985621,0.07180363890089095,0.6944511872229867,0.00030642002628870316
wideresnet50_2,resnet34,none,0,f_small_PTS,0.6714,1.2332251443560862,0.07202774924881755,0.6679110654911676,0.00032578136618542777
