distortion,severity,error_rate,ece,Tl,Ts
gaussian_noise,1,0.25442,9.645339965820312,0.614057719707489,1.7131092548370361
gaussian_noise,2,0.29679999999999995,9.07561206817627,0.614057719707489,1.7131092548370361
gaussian_noise,3,0.3851,8.095171928405762,0.614057719707489,1.7131092548370361
gaussian_noise,4,0.52562,6.84807014465332,0.614057719707489,1.7131092548370361
gaussian_noise,5,0.74472,5.4696455001831055,0.614057719707489,1.7131092548370361
